{
  "name": "Colombia",
  "iso3": "COL",
  "iso2": "CO",
  "phone_code": "57",
  "capital": "Bogotá",
  "currency": "COP",
  "currency_name": "Colombian peso",
  "currency_symbol": "$",
  "emoji": "🇨🇴",
  "emojiU": "U+1F1E8 U+1F1F4",
  "translations": {
    "kr": "콜롬비아",
    "br": "Colômbia",
    "pt": "Colômbia",
    "nl": "Colombia",
    "hr": "Kolumbija",
    "fa": "کلمبیا",
    "de": "Kolumbien",
    "es": "Colombia",
    "fr": "Colombie",
    "ja": "コロンビア",
    "it": "Colombia",
    "cn": "哥伦比亚",
    "tr": "Kolombiya"
  },
  "states": [
    {
      "id": 81,
      "name": "Amazonas",
      "country_id": 1,
      "department_code": null,
      "state_code": "AMA",
      "cities": [
        "La chorrera",
        "Leticia",
        "Puerto nariño"
      ]
    },
    {
      "id": 13,
      "name": "Antioquia",
      "country_id": 1,
      "department_code": null,
      "state_code": "ANT",
      "cities": [
        "Abejorral",
        "Abriaqui",
        "Alejandria",
        "Amaga",
        "Amalfi",
        "Andes",
        "Angelopolis",
        "Angostura",
        "Anori",
        "Anza",
        "Apartado",
        "Arboletes",
        "Argelia (a)",
        "Armenia",
        "Barbosa",
        "Bello",
        "Belmira",
        "Betania",
        "Betulia (ant)",
        "Briceño",
        "Buritica",
        "Caceres",
        "Caicedo",
        "Caldas",
        "Campamento",
        "Cañasgordas",
        "Caracoli",
        "Caramanta",
        "Carepa",
        "Carolina",
        "Casabe - yondo",
        "Caucasia",
        "Chigorodo",
        "Cisneros",
        "Ciudad bolivar",
        "Cocorna",
        "Concepcion",
        "Concordia",
        "Copacabana",
        "Currulao",
        "Dabeiba",
        "Don matias",
        "Doradal",
        "Ebejico",
        "El bagre",
        "El carmen de viboral",
        "El santuario",
        "El valle",
        "Entrerrios",
        "Envigado",
        "Fredonia",
        "Frontino",
        "Giraldo",
        "Girardota",
        "Gomez plata",
        "Granada",
        "Guadalupe",
        "Guarne",
        "Guatape",
        "Heliconia",
        "Hispania",
        "Itagui",
        "Ituango",
        "Jardin",
        "Jerico",
        "La ceja",
        "La estrella",
        "La pintada",
        "La sierra",
        "La union",
        "Liborina",
        "Maceo",
        "Marinilla",
        "Medellin",
        "Montebello",
        "Murindo",
        "Mutata",
        "Nariño",
        "Nechi",
        "Necocli",
        "Nueva colonia",
        "Olaya",
        "Palermo",
        "Peñol",
        "Peque",
        "Pueblorrico",
        "Puerto berrio",
        "Puerto claver",
        "Puerto nare",
        "Puerto perales nuevo",
        "Puerto triunfo",
        "Puerto valdivia",
        "Remedios",
        "Retiro",
        "Rionegro (ant)",
        "Sabanalarga",
        "Sabaneta",
        "Salgar",
        "San andres de cuerquia",
        "San antonio de prado",
        "San carlos",
        "San cristobal",
        "San francisco",
        "San jeronimo",
        "San jose de la montaña",
        "San juan de uraba",
        "San luis",
        "San pedro de los milagros",
        "San pedro de uraba",
        "San rafael",
        "San roque",
        "Santa barbara",
        "Santafe de antioquia",
        "Santa rosa de osos",
        "Santo domingo",
        "San vicente",
        "Segovia",
        "Sonson",
        "Sopetran",
        "Tamesis",
        "Taraza",
        "Tarso",
        "Titiribi",
        "Toledo",
        "Turbo",
        "Uramita",
        "Urrao",
        "Valdivia",
        "Valparaiso",
        "Vegachi",
        "Venecia",
        "Vigia del fuerte",
        "Yali",
        "Yarumal",
        "Yolombo",
        "Zaragoza"
      ]
    },
    {
      "id": 39,
      "name": "Arauca",
      "country_id": 1,
      "department_code": null,
      "state_code": "ARA",
      "cities": [
        "Arauca",
        "Arauquita",
        "Cravo norte",
        "Fortul",
        "La esmeralda",
        "Puerto rondon",
        "Saravena",
        "Tame"
      ]
    },
    {
      "id": 91,
      "name": "Archipielago de san andres",
      "country_id": 1,
      "department_code": null,
      "cities": [
        "Providencia - isla santa catalina",
        "San andres"
      ],
      "state_code": "SAP"
    },
    {
      "id": 22,
      "name": "Atlantico",
      "country_id": 1,
      "department_code": null,
      "state_code": "ATL",
      "cities": [
        "Aguada de pablo",
        "Baranoa",
        "Barranquilla",
        "Campeche",
        "Campo de la cruz",
        "Candelaria",
        "Caracoli",
        "Cascajal",
        "Galapa",
        "Juan de acosta",
        "Juan mina",
        "La peña",
        "Luruaco",
        "Malambo",
        "Manati",
        "Palmar de varela",
        "Piojo",
        "Polonuevo",
        "Ponedera",
        "Puerto colombia",
        "Puerto giraldo",
        "Repelon",
        "Sabanagrande",
        "Sabanalarga",
        "Salgar",
        "Santa cruz",
        "Santa lucia",
        "Santo tomas",
        "Soledad",
        "Suan",
        "Tubara",
        "Usiacuri"
      ]
    },
    {
      "id": 18,
      "name": "Bolivar",
      "country_id": 1,
      "department_code": null,
      "state_code": "BOL",
      "cities": [
        "Achi",
        "Altos del rosario",
        "Arenal",
        "Arjona b",
        "Arroyohondo",
        "Barranco de loba",
        "Bayunca",
        "Calamar",
        "Cantagallo",
        "Cartagena",
        "Cascajal",
        "Cicuco",
        "Clemencia b",
        "Cordoba",
        "El carmen de bolivar",
        "El guamo (b)",
        "El peñon (bol)",
        "Gambote",
        "Hatillo de loba",
        "Juan arias",
        "Magangue",
        "Mahates",
        "Malagana",
        "Margarita",
        "Maria la baja b",
        "Mompos",
        "Montecristo bolivar",
        "Morales (b)",
        "Norosi",
        "Pasacaballos",
        "Pinillos",
        "Pontezuela",
        "Punta de cartagena",
        "Regidor",
        "Rio viejo",
        "San cristobal",
        "San estanislao",
        "San fernando (b)",
        "San jacinto",
        "San jacinto del cauca",
        "San juan nepomuceno",
        "San martin",
        "San martin de loba",
        "San pablo",
        "Santa ana (b)",
        "Santa catalina",
        "Santa rosa de lima",
        "Santa rosa del sur",
        "Simiti",
        "Sincerin",
        "Soplaviento b",
        "Talaigua nuevo",
        "Tiquisio nuevo",
        "Turbaco b",
        "Turbana",
        "Villanueva",
        "Yati",
        "Zambrano"
      ]
    },
    {
      "id": 15,
      "name": "Boyaca",
      "country_id": 1,
      "department_code": null,
      "state_code": "BOY",
      "cities": [
        "Almeida",
        "Aquitania",
        "Arcabuco",
        "Belen",
        "Belencito",
        "Berbeo",
        "Beteitiva",
        "Boavita",
        "Boyaca",
        "Briceño (b)",
        "Buenavista",
        "Busbanza",
        "Caldas",
        "Campohermoso",
        "Cerinza",
        "Chinavita",
        "Chiquinquira",
        "Chiquiza",
        "Chiscas",
        "Chita",
        "Chitaraque",
        "Chivata",
        "Chivor",
        "Cienega",
        "Combita",
        "Coper",
        "Corrales",
        "Covarachia",
        "Cubara",
        "Cucaita",
        "Cuitiva",
        "Duitama",
        "El cocuy",
        "El espino",
        "Firavitoba",
        "Floresta",
        "Gachantiva",
        "Gameza",
        "Garagoa",
        "Guacamayas",
        "Guateque",
        "Guayata",
        "Guican",
        "Iza",
        "Jenesano",
        "Jerico",
        "Labranzagrande",
        "La capilla",
        "La uvita",
        "La victoria (b)",
        "Macanal",
        "Maripi",
        "Miraflores",
        "Mongua",
        "Mongui",
        "Moniquira",
        "Motavita",
        "Muzo",
        "Nobsa",
        "Nuevo colon",
        "Oicata",
        "Otanche",
        "Pachavita",
        "Paez",
        "Paipa",
        "Pajarito",
        "Panqueba",
        "Pauna",
        "Paya",
        "Paz de rio",
        "Pesca",
        "Pisba",
        "Puerto boyaca",
        "Quipama",
        "Ramiriqui",
        "Raquira",
        "Rondon",
        "Saboya",
        "Sachica",
        "Samaca",
        "San eduardo",
        "San jose de pare",
        "San luis de gaceno",
        "San mateo",
        "San miguel de sema",
        "San pablo de borbur",
        "Santa barbara",
        "Santa maria",
        "Santana",
        "Santa rosa de viterbo",
        "Santa sofia",
        "Sativanorte",
        "Sativasur",
        "Siachoque",
        "Soata",
        "Socha",
        "Socota",
        "Sogamoso",
        "Somondoco",
        "Sora",
        "Soraca",
        "Sotaquira",
        "Susacon",
        "Sutamarchan",
        "Sutatenza",
        "Tasco",
        "Tenza",
        "Tibana",
        "Tibasosa",
        "Tierra negra",
        "Tinjaca",
        "Tipacoque",
        "Toca",
        "Togui",
        "Topaga",
        "Tota",
        "Trinidad",
        "Tunja",
        "Tunungua",
        "Turmeque",
        "Tuta",
        "Tutaza",
        "Umbita",
        "Ventaquemada",
        "Villa de leyva",
        "Viracacha",
        "Zetaquira"
      ]
    },
    {
      "id": 5,
      "name": "Caldas",
      "country_id": 1,
      "department_code": null,
      "state_code": "CAL",
      "cities": [
        "Aguadas",
        "Alto tablazo",
        "Anserma",
        "Aranzazu",
        "Arauca",
        "Bajo tablazo",
        "Belalcazar (cl)",
        "Bolivia",
        "Chinchina",
        "Filadelfia",
        "Florencia",
        "Guarinocito",
        "La dorada",
        "La linda",
        "La merced",
        "Manizales",
        "Manzanares",
        "Marmato",
        "Marquetalia",
        "Marulanda",
        "Neira",
        "Norcasia",
        "Pacora",
        "Palestina",
        "Pensilvania",
        "Riosucio",
        "Risaralda",
        "Salamina",
        "Samana",
        "Samaria",
        "San jose (c)",
        "Supia",
        "Victoria",
        "Villamaria",
        "Viterbo"
      ]
    },
    {
      "id": 38,
      "name": "Caqueta",
      "country_id": 1,
      "department_code": null,
      "state_code": "CAQ",
      "cities": [
        "Albania",
        "Belen de los andaquies",
        "Campo hermoso",
        "Cartagena del chaira",
        "Curillo",
        "El doncello",
        "El paujil",
        "Florencia",
        "La montañita",
        "Milan",
        "Morelia",
        "Puerto rico",
        "San jose del fragua",
        "San vicente del caguan",
        "Solano",
        "Solita",
        "Valparaiso (caq)"
      ]
    },
    {
      "id": 7,
      "name": "Casanare",
      "country_id": 1,
      "department_code": null,
      "state_code": "CAS",
      "cities": [
        "Aguazul",
        "Chameza",
        "Hato corozal",
        "La chaparrera",
        "La salina",
        "Mani",
        "Monterrey",
        "Nunchia",
        "Orocue",
        "Paz de ariporo",
        "Pore",
        "Recetor",
        "Sabanalarga",
        "Sacama",
        "San luis de palenque",
        "Tamara",
        "Tauramena",
        "Trinidad",
        "Villanueva (c)",
        "Yopal"
      ]
    },
    {
      "id": 28,
      "name": "Cauca",
      "country_id": 1,
      "department_code": null,
      "state_code": "CAU",
      "cities": [
        "Almaguer",
        "Argelia (c)",
        "Balboa (c)",
        "Belalcazar (ca)",
        "Bolivar (c)",
        "Buenos aires",
        "Cajibio",
        "Caldono",
        "Caloto",
        "Coconuco",
        "Corinto",
        "El bordo",
        "El estrecho (c)",
        "El plateado",
        "El tambo (ca)",
        "Florencia",
        "Guachene",
        "Guapi",
        "Inza",
        "Jambalo",
        "La sierra",
        "La vega",
        "Mercaderes",
        "Micay",
        "Miranda",
        "Mondomo",
        "Morales (c)",
        "Ortigal",
        "Padilla",
        "Paez",
        "Paispamba",
        "Patia (c)",
        "Piamonte",
        "Piendamo",
        "Popayan",
        "Puerto tejada",
        "Purace",
        "Rosas",
        "San sebastian",
        "Santander de quilichao",
        "Santa rosa",
        "Santiago",
        "Silvia",
        "Sotara",
        "Suarez",
        "Sucre",
        "Timba",
        "Timbio",
        "Timbiqui",
        "Toribio",
        "Totoro",
        "Tunia",
        "Villa rica"
      ]
    },
    {
      "id": 4,
      "name": "Cesar",
      "country_id": 1,
      "department_code": null,
      "state_code": "CES",
      "cities": [
        "Aguachica",
        "Astrea",
        "Becerril",
        "Bosconia",
        "Casacaza",
        "Chimichagua",
        "Chiriguana",
        "Codazzi",
        "Curumani",
        "El copey",
        "El juncal",
        "El paso",
        "Gamarra",
        "Gonzalez",
        "La gloria",
        "La jagua de ibirico",
        "La loma",
        "La mata",
        "La paz",
        "La sierra",
        "Las vegas",
        "Manaure (c)",
        "Mina drumond pribbenow",
        "Pailitas",
        "Pelaya",
        "Pueblo bello",
        "Rio de oro",
        "San alberto",
        "San diego",
        "San martin (c)",
        "San roque",
        "Tamalameque",
        "Valledupar"
      ]
    },
    {
      "id": 54,
      "name": "Choco",
      "country_id": 1,
      "department_code": null,
      "state_code": "CHO",
      "cities": [
        "Acandi",
        "Alto baudo",
        "Bagado",
        "Bahia solano mutis",
        "Bajo baudo",
        "Belen de bajira",
        "Bojaya",
        "Carmen del darien",
        "Certegui",
        "Condoto",
        "El cantón de san pablo",
        "El carmen de atrato",
        "Istmina",
        "Juradó",
        "Lloró",
        "Medio atrato",
        "Medio baudó",
        "Medio san juan",
        "Novita",
        "Nuquí",
        "Nuquí",
        "Pizarro",
        "Quibdo",
        "Río iro",
        "Rio quito",
        "Riosucio",
        "Sipí",
        "Tado",
        "Unguia",
        "Union panamericana",
        "Yuto"
      ]
    },
    {
      "id": 20,
      "name": "Cordoba",
      "country_id": 1,
      "department_code": null,
      "state_code": "COR",
      "cities": [
        "Ayapel",
        "Buenavista (cor)",
        "Canalete",
        "Carrillo",
        "Cerete",
        "Cerromatoso",
        "Chima (c)",
        "Chinu",
        "Cienaga de oro",
        "Cordoba",
        "Cotorra",
        "El porvenir (c)",
        "La apartada y la frontera",
        "Lorica",
        "Los cordobas",
        "Los garzones",
        "Momil",
        "Moñitos",
        "Montelibano",
        "Monteria",
        "Planeta rica",
        "Pueblo nuevo",
        "Puerto escondido",
        "Puerto libertador",
        "Purisima",
        "Sahagun",
        "San andres de sotavento",
        "San antero",
        "San bernardo del viento",
        "San carlos",
        "San pelayo",
        "Tierralta",
        "Tuchin",
        "Valencia"
      ]
    },
    {
      "id": 3,
      "name": "Cundinamarca",
      "country_id": 1,
      "department_code": null,
      "state_code": "CUN",
      "cities": [
        "Agua de dios",
        "Alban",
        "Anapoima",
        "Anolaima",
        "Apulo",
        "Arbelaez",
        "Beltran",
        "Bituima",
        "Bogota",
        "Bojaca",
        "Briceño",
        "Cabrera",
        "Cachipay",
        "Cajica",
        "Cambao",
        "Caparrapi",
        "Capellania",
        "Caqueza",
        "Carmen de carupa",
        "Chaguani",
        "Chia",
        "Chinauta",
        "Chipaque",
        "Choachi",
        "Choconta",
        "Cogua",
        "Cota",
        "Cucunuba",
        "El colegio (mesitas)",
        "El peñon",
        "El rosal",
        "El triunfo",
        "Facatativa",
        "Fomeque",
        "Fosca",
        "Funza",
        "Fuquene",
        "Fusagasuga",
        "Gachala",
        "Gachancipa",
        "Gacheta",
        "Gama",
        "Girardot",
        "Granada",
        "Guacheta",
        "Guaduas",
        "Guasca",
        "Guataqui",
        "Guatavita",
        "Guayabal de siquima",
        "Guayabetal",
        "Gutierrez",
        "Jerusalen",
        "Junin",
        "La calera",
        "La florida",
        "La gran vãa",
        "La mesa",
        "La palma",
        "La peña",
        "La vega",
        "La victoria",
        "Lenguazaque",
        "Limoncitos",
        "Macheta",
        "Madrid",
        "Manta",
        "Maya",
        "Medina",
        "Mosquera",
        "Nariño",
        "Nazareth",
        "Nemocon",
        "Nilo",
        "Nimaima",
        "Nocaima",
        "Pacho",
        "Paime",
        "Pandi",
        "Paratebueno",
        "Pasca",
        "Puente de piedra",
        "Puente quetame",
        "Puerto bogota",
        "Puerto salgar",
        "Puli",
        "Quebradanegra",
        "Quetame",
        "Quipile",
        "Ricaurte",
        "San antonio del tequendama",
        "San bernardo",
        "San cayetano",
        "San francisco",
        "San joaquin (c)",
        "San juan de rio seco",
        "Santandercito",
        "Sasaima",
        "Sesquile",
        "Sibate",
        "Silvania",
        "Simijaca",
        "Soacha",
        "Sopo",
        "Subachoque",
        "Subia",
        "Suesca",
        "Supata",
        "Susa",
        "Sutatausa",
        "Tabio",
        "Tausa",
        "Tena",
        "Tenjo",
        "Tibacuy",
        "Tibirita",
        "Tibito",
        "Tobia",
        "Tocaima",
        "Tocancipa",
        "Topaipi",
        "Ubala",
        "Ubaque",
        "Ubate",
        "Une",
        "Utica",
        "Venecia (c)",
        "Vergara",
        "Viani",
        "Villagomez",
        "Villapinzon",
        "Villeta",
        "Viota",
        "Yacopi",
        "Zipacon",
        "Zipaquira"
      ]
    },
    {
      "id": 92,
      "name": "Guainia",
      "country_id": 1,
      "department_code": null,
      "state_code": "GUA",
      "cities": [
        "Barranco minas",
        "Puerto inirida"
      ]
    },
    {
      "id": 51,
      "name": "Guaviare",
      "country_id": 1,
      "department_code": null,
      "state_code": "GUV",
      "cities": [
        "Calamar",
        "El retorno",
        "La libertad",
        "Miraflores",
        "San jose del guaviare"
      ]
    },
    {
      "id": 49,
      "name": "Huila",
      "country_id": 1,
      "department_code": null,
      "state_code": "HUI",
      "cities": [
        "Acevedo",
        "Agrado",
        "Aipe",
        "Algeciras",
        "Altamira",
        "Baraya",
        "Belen (h)",
        "Bruselas",
        "Caguan",
        "Campoalegre",
        "Colombia",
        "Elias",
        "Fortalecillas",
        "Garzon",
        "Gigante",
        "Guadalupe",
        "Guayabal (hul)",
        "Hobo",
        "Iquira",
        "La argentina",
        "La plata",
        "Nataga",
        "Neiva",
        "Oporapa",
        "Pacarni",
        "Paicol",
        "Palermo",
        "Palestina",
        "Pital",
        "Pitalito",
        "Rivera",
        "Saladoblanco",
        "San agustin",
        "San jose de isnos",
        "Santa maria",
        "Suaza",
        "Tarqui",
        "Tello",
        "Teruel",
        "Tesalia",
        "Timana",
        "Ulloa",
        "Villavieja",
        "Yaguara",
        "Zuluaga"
      ]
    },
    {
      "id": 9,
      "name": "La guajira",
      "country_id": 1,
      "department_code": null,
      "state_code": "LAG",
      "cities": [
        "Albania",
        "Barrancas",
        "Dibulla",
        "Distraccion",
        "El molino",
        "Fonseca",
        "Hatonuevo",
        "La jagua del pilar",
        "La mina",
        "La paz",
        "Maicao",
        "Manaure",
        "Mingueo",
        "Palomino",
        "Paraguachon",
        "Riohacha",
        "San juan del cesar",
        "Uribia",
        "Urumita",
        "Villanueva"
      ]
    },
    {
      "id": 16,
      "name": "Magdalena",
      "country_id": 1,
      "department_code": null,
      "state_code": "MAG",
      "cities": [
        "Algarrobo",
        "Aracataca",
        "Ariguani",
        "Buritaca",
        "Carreto",
        "Cerro san antonio",
        "Chivolo",
        "Cienaga",
        "Concordia",
        "El banco",
        "El dificil",
        "El piñon",
        "El reten",
        "Fundacion",
        "Gaira",
        "Guacamayal",
        "Guachaca",
        "Guamal (mag)",
        "La gran via",
        "Minca",
        "Nueva granada (m)",
        "Palermo",
        "Pedraza",
        "Pijiño",
        "Pivijay",
        "Plato",
        "Puebloviejo",
        "Remolino",
        "Sabanas",
        "Salamina",
        "San angel",
        "San sebastian de buenavista",
        "Santa ana (m)",
        "Santa barbara de pinto",
        "Santa marta",
        "Santa rosalia",
        "San zenon",
        "Sitionuevo",
        "Sitio nuevo",
        "Taganga",
        "Tenerife",
        "Zapayan",
        "Zona bananera"
      ]
    },
    {
      "id": 1,
      "name": "Meta",
      "country_id": 1,
      "department_code": null,
      "state_code": "MET",
      "cities": [
        "Acacias",
        "Alto pompeya",
        "Apiay",
        "Barranca de upia",
        "Cabuyaro",
        "Castilla la nueva",
        "Cubarral",
        "Cumaral",
        "El calvario",
        "El castillo",
        "El dorado",
        "Fuente de oro",
        "Granada (m)",
        "Guamal",
        "La julia",
        "La macarena",
        "La palmera",
        "Lejanias",
        "Mapiripan",
        "Mesetas",
        "Pachaquiaro",
        "Piñalito",
        "Puerto concordia",
        "Puerto gaitan",
        "Puerto lleras",
        "Puerto lopez",
        "Puerto rico",
        "Restrepo",
        "Rubiales",
        "San carlos de guaroa",
        "San juan de arama",
        "San juan del losada",
        "San juanito",
        "San lorenzo",
        "San martin",
        "Uribe",
        "Villavicencio",
        "Vistahermosa"
      ]
    },
    {
      "id": 40,
      "name": "Nariño",
      "country_id": 1,
      "department_code": null,
      "state_code": "NAR",
      "cities": [
        "Alban",
        "Aldana",
        "Ancuya",
        "Arboleda",
        "Barbacoas",
        "Belen",
        "Berruecos",
        "Bocas de satinga",
        "Buesaco",
        "Carlosama",
        "Catambuco",
        "Chachagui",
        "Colon",
        "Consaca",
        "Contadero",
        "Cordoba n",
        "Cuaspud nucleo",
        "Cumbal",
        "Cumbitara",
        "El charco",
        "El encano",
        "El peñol",
        "El rosario",
        "El tablón de gomez",
        "El tambo (na)",
        "Francisco pizarro",
        "Funes",
        "Genova (n)",
        "Guachaves",
        "Guachucal",
        "Guaitarilla",
        "Gualmatán",
        "Iles",
        "Imues",
        "Ipiales",
        "Iscuande",
        "La cruz",
        "La florida (n)",
        "La llanada",
        "La tola",
        "La union",
        "Leiva",
        "Linares",
        "Llorente",
        "Los andes",
        "Magüi",
        "Mallama",
        "Mosquera",
        "Nariño",
        "Olaya herrera",
        "Ospina",
        "Pasto",
        "Piedrancha",
        "Policarpa",
        "Potosi",
        "Providencia",
        "Puerres",
        "Pupiales",
        "Ricaurte (n)",
        "Ricaurte (na)",
        "Roberto payan",
        "Samaniego",
        "San bernardo",
        "Sandona",
        "San jose",
        "San lorenzo",
        "San pablo",
        "San pedro de cartago",
        "Santa barbara",
        "Santa cruz",
        "Sapuyes",
        "Sotomayor",
        "Taminango",
        "Tangua",
        "Tumaco",
        "Tuquerres",
        "Yacuanquer"
      ]
    },
    {
      "id": 17,
      "name": "Norte de santander",
      "country_id": 1,
      "department_code": null,
      "state_code": "NSA",
      "cities": [
        "Abrego",
        "Aguas claras",
        "Arboledas",
        "Bochalema",
        "Bucarasica",
        "Cachira",
        "Cacota",
        "Campo dos",
        "Chinacota",
        "Chitaga",
        "Convencion",
        "Cucuta",
        "Cucutilla",
        "Durania",
        "El carmen",
        "El tarra",
        "El zulia",
        "Gramalote",
        "Hacari",
        "Herran",
        "Labateca",
        "La donjuana",
        "La esperanza",
        "La floresta",
        "La gabarra",
        "La jarra",
        "La playa",
        "La vega",
        "Los patios",
        "Lourdes",
        "Mutiscua",
        "Ocaña",
        "Pamplona",
        "Pamplonita",
        "Puerto santander",
        "Ragonvalia",
        "Salazar",
        "San bernardo de bata",
        "San calixto",
        "San cayetano",
        "Santiago",
        "Sardinata",
        "Silos",
        "Teorama",
        "Tibu",
        "Toledo",
        "Villa caro",
        "Villa del rosario"
      ]
    },
    {
      "id": 67,
      "name": "Putumayo",
      "country_id": 1,
      "department_code": null,
      "state_code": "PUT",
      "cities": [
        "Colon",
        "La dorada (p)",
        "La hormiga",
        "Leguizamo",
        "Mocoa",
        "Orito",
        "Puerto asis",
        "Puerto caicedo",
        "Puerto guzman",
        "San francisco",
        "Santana",
        "Santiago",
        "Sibundoy",
        "Villagarzon"
      ]
    },
    {
      "id": 19,
      "name": "Quindio",
      "country_id": 1,
      "department_code": null,
      "state_code": "QUI",
      "cities": [
        "Armenia (q)",
        "Barcelona",
        "Buenavista",
        "Calarca",
        "Circasia",
        "Cordoba",
        "El caimo",
        "Filandia",
        "Genova (q)",
        "La tebaida",
        "Montenegro",
        "Pijao",
        "Pueblo tapado",
        "Quimbaya",
        "Salento"
      ]
    },
    {
      "id": 21,
      "name": "Risaralda",
      "country_id": 1,
      "department_code": null,
      "state_code": "RIS",
      "cities": [
        "Apia",
        "Balboa",
        "Belen de umbria",
        "Caimalito",
        "Dosquebradas",
        "Guatica",
        "Irra",
        "La celia",
        "La virginia",
        "Marsella",
        "Mistrato",
        "Pereira",
        "Pueblo rico",
        "Quinchia",
        "Santa rosa de cabal",
        "Santuario"
      ]
    },
    {
      "id": 8,
      "name": "Santander",
      "country_id": 1,
      "department_code": null,
      "state_code": "SAN",
      "cities": [
        "Acapulco",
        "Aguada",
        "Albania (s)",
        "Aratoca",
        "Barbosa",
        "Barichara",
        "Barrancabermeja",
        "Betulia",
        "Bolivar",
        "Bucaramanga",
        "Cabrera",
        "California (s)",
        "Capitanejo",
        "Carcasi",
        "Cepita",
        "Cerrito",
        "Charala",
        "Charta",
        "Chima (s)",
        "Chipata",
        "Cimitarra",
        "Cincelada",
        "Cite",
        "Concepcion",
        "Confines",
        "Contratacion",
        "Coromoro",
        "Curiti",
        "El carmen de chucuri",
        "El centro",
        "El guacamayo",
        "El llanito",
        "El peñon",
        "El playon",
        "Encino",
        "Enciso",
        "Florian",
        "Floridablanca",
        "Galan (s)",
        "Gambita",
        "Giron",
        "Guaca",
        "Guadalupe",
        "Guapota",
        "Guavata",
        "Guepsa",
        "Hato (s)",
        "Jesus maria",
        "Jordan sube",
        "La belleza",
        "La fortuna",
        "Landazuri",
        "La palma",
        "La paz",
        "Lebrija",
        "Los laureles",
        "Los santos",
        "Macaravita",
        "Malaga",
        "Matanza",
        "Mogotes",
        "Molagavita",
        "Ocamonte",
        "Oiba",
        "Olival",
        "Onzaga",
        "Palmar (s)",
        "Palmas del socorro",
        "Palo gordo",
        "Paramo",
        "Piedecuesta",
        "Pinchote",
        "Puente nacional",
        "Puente sogamoso",
        "Puerto araujo",
        "Puerto parra",
        "Puerto wilches",
        "Rionegro",
        "Sabana de torres",
        "San andres",
        "San benito nuevo",
        "San gil",
        "San joaquin",
        "San jose de miranda",
        "San miguel",
        "San rafael",
        "Santa barbara",
        "Santa helena del opon",
        "San vicente de chucuri",
        "Simacota",
        "Socorro",
        "Sogamoso",
        "Suaita",
        "Sucre",
        "Surata",
        "Tienda nueva",
        "Tona",
        "Vado real",
        "Valle de san jose",
        "Velez",
        "Vetas",
        "Villanueva",
        "Yarima",
        "Zapatoca"
      ]
    },
    {
      "id": 34,
      "name": "Sucre",
      "country_id": 1,
      "department_code": null,
      "state_code": "SUC",
      "cities": [
        "Buenavista",
        "Caimito",
        "Chalan",
        "Coloso",
        "Corozal",
        "Coveñas",
        "El roble",
        "Galeras",
        "Guaranda",
        "Guayabal",
        "La union (s)",
        "Los palmitos",
        "Majagual",
        "Morroa",
        "Ovejas",
        "Palmito",
        "Sampues",
        "San benito abad",
        "San juan de betulia",
        "San marcos",
        "San onofre",
        "San pedro",
        "Since",
        "Sincelejo",
        "Sucre (s)",
        "Tolu",
        "Tolu viejo"
      ]
    },
    {
      "id": 11,
      "name": "Tolima",
      "country_id": 1,
      "department_code": null,
      "state_code": "TOL",
      "cities": [
        "Alpujarra",
        "Alvarado",
        "Ambalema",
        "Anzoategui",
        "Armero",
        "Ataco",
        "Buenos aires",
        "Cajamarca",
        "Carmen de apicala",
        "Casabianca",
        "Chaparral",
        "Chicoral",
        "Coello",
        "Coyaima",
        "Cunday",
        "Dolores",
        "Espinal",
        "Falan",
        "Flandes",
        "Fresno",
        "Gaitania",
        "Gualanday",
        "Guamo",
        "Herrera",
        "Herveo",
        "Honda",
        "Ibague",
        "Icononzo",
        "La arada",
        "Lerida",
        "Libano",
        "Mariquita",
        "Melgar",
        "Murillo",
        "Natagaima",
        "Olaya herrera",
        "Ortega",
        "Pajonales",
        "Palocabildo",
        "Piedras",
        "Planadas",
        "Prado",
        "Purificacion",
        "Rioblanco",
        "Roncesvalles",
        "Rovira",
        "Saldaña",
        "San antonio",
        "San luis",
        "Santa isabel",
        "Santiago perez",
        "Suarez",
        "Valle de san juan",
        "Venadillo",
        "Villahermosa",
        "Villarrica (t)"
      ]
    },
    {
      "id": 12,
      "name": "Valle del Cauca",
      "alt_name": "Valle",
      "country_id": 1,
      "department_code": null,
      "cities": [
        "Alcala",
        "Amaime",
        "Andalucia",
        "Anserma nuevo",
        "Argelia (v)",
        "Bahía málaga",
        "Bajo calima",
        "Bolivar (v)",
        "Borrero ayerbe",
        "Buenaventura",
        "Buga",
        "Bugalagrande",
        "Caicedonia",
        "Cali",
        "Candelaria",
        "Cartago",
        "Cascajal i",
        "Dagua",
        "Darien (calima)",
        "El aguila",
        "El cabuyal (v)",
        "El cairo",
        "El carmelo",
        "El cerrito",
        "El dovio",
        "El placer (v)",
        "El queremal",
        "El saladito",
        "Florida",
        "Ginebra",
        "Guabitas",
        "Guacari",
        "Jamundi",
        "La cumbre",
        "La paila",
        "La union (v)",
        "La victoria (v)",
        "Obando",
        "Palmira",
        "Pradera",
        "Restrepo",
        "Riofrio",
        "Roldanillo",
        "Rozo",
        "San antonio de los caballeros",
        "San pedro(v)",
        "Santa elena",
        "Sevilla",
        "Toro",
        "Trujillo",
        "Tulua",
        "Ulloa",
        "Uribe uribe",
        "Versalles",
        "Vijes",
        "Villa gorgona",
        "Yotoco",
        "Yumbo",
        "Zaragoza (v)",
        "Zarzal"
      ],
      "state_code": "VAC"
    },
    {
      "id": 64,
      "name": "Vaupes",
      "country_id": 1,
      "department_code": null,
      "state_code": "VAU",
      "cities": [
        "Caruru",
        "Mitu",
        "Taraira",
        "Yavaraté"
      ]
    },
    {
      "id": 70,
      "name": "Vichada",
      "country_id": 1,
      "department_code": null,
      "state_code": "VID",
      "cities": [
        "Cumaribo",
        "La primavera",
        "Puerto carreño",
        "Santa rosalia"
      ]
    }
  ]
}
